ID,BIN,CycloMedia,JobNumber,DocNum,Borough,HouseNum,Street,Block,Lot,JobType,JobStatus,JobStatusDesc,LatestActionDate,ApplicantFirstName,ApplicantLastName,ApplicantProfessionalTitle,ApplicantLicenseNum,ProfessionalCert,PreFilingDate,ProposedNumStories,X,Y,Lat,Long
156,4619563,"https://nycdob.github.io/CycloMedia/simple#1023418.951505631208420,205897.409777224063873",421747097,1,QUEENS,98-10,63 ROAD,2098,5,NB,P,PLAN EXAM - APPROVED,12/13/2019,ANTHONY,NG,RA,24574,N,8/6/2019,22,1023418.951505631208420,205897.409777224063873,40.73173904,-73.8586731
219,4295997,"https://nycdob.github.io/CycloMedia/simple#1030648.78350264,176756.384397984",421910445,1,QUEENS,98-07,164 AVENUE,14206,35,NB,P,PLAN EXAM - APPROVED,3/26/2020,VALENTINO,POMPEO,RA,28075,N,10/11/2019,3,1030648.784,176756.3844,40.651710524008998,-73.832786030037084
12,4623723,"https://nycdob.github.io/CycloMedia/simple#1040806,195775",420666176,1,QUEENS,92-33,GUY R BREWER BLVD,10151,75,NB,P,PLAN EXAM - APPROVED,7/27/2021,GERALD,VALGORA,RA,31076,N,8/7/2019,25,1040806,195775,40.703853,-73.796022
39,4211587,"https://nycdob.github.io/CycloMedia/simple#1044406,198054",421717529,1,QUEENS,90-19,179 STREET,9895,40,NB,P,PLAN EXAM - APPROVED,6/21/2019,AKEEB,SHEKONI,RA,28575,N,1/8/2019,3,1044406,198054,40.710085,-73.783017
71,4622997,"https://nycdob.github.io/CycloMedia/simple#1042035,198319",421889674,1,QUEENS,87-67,170 STREET,9826,49,NB,P,PLAN EXAM - APPROVED,12/13/2019,ANGELO,NG,RA,27024,N,3/8/2019,8,1042035,198319,40.710828,-73.791567
145,4196022,"https://nycdob.github.io/CycloMedia/simple#1032408,194207",421889291,1,QUEENS,87-40,124 STREET,9332,26,NB,P,PLAN EXAM - APPROVED,2/12/2020,JUNG,SHIN,PE,50090,N,6/28/2019,3,1032408,194207,40.699599,-73.826321
129,3418182,"https://nycdob.github.io/CycloMedia/simple#1001686,190588",321593860,1,BROOKLYN,780A,GREENE AVENUE,1619,55,NB,P,PLAN EXAM - APPROVED,7/2/2020,SURESH,MANCHANDA,RA,18075,N,6/22/2019,4,1001686,190588,40.68978,-73.937128
27,4032012,"https://nycdob.github.io/CycloMedia/simple#1014368.67334639,208844.706047982",420666283,1,QUEENS,72-01,QUEENS BOULEVARD,1352,125,NB,P,PLAN EXAM - APPROVED,4/7/2021,ARIEL,AUFGANG,RA,32789,N,9/27/2019,12,1014368.673,208844.706,40.739855774395728,-73.891313446045757
7,4623885,"https://nycdob.github.io/CycloMedia/simple#1041787,208371",421905834,1,QUEENS,61-13,UTOPIA PARKWAY,7070,47,NB,P,PLAN EXAM - APPROVED,5/10/2021,PIROOZ,SOLTANIZADEH,PE,80350,N,11/12/2019,3,1041787,208371,40.73842,-73.792376
127,4115291,"https://nycdob.github.io/CycloMedia/simple#1031496.78279088,212030.438521639",421887373,1,QUEENS,56-25,135 ST,5119,21,NB,P,PLAN EXAM - APPROVED,12/23/2019,MEHDI,GHAZI,PE,96200,N,6/21/2019,3,1031496.783,212030.4385,40.748524880190210,-73.829482523912688
233,4013281,"https://nycdob.github.io/CycloMedia/simple#1008978.90787922,216312.685862646",421903603,1,QUEENS,46-12,30 ROAD,728,31,NB,P,PLAN EXAM - APPROVED,8/13/2020,AKEEB,SHEKONI,RA,28575,N,11/4/2019,3,1008978.908,216312.6859,40.760370196374659,-73.910735532195787
103,4623448,"https://nycdob.github.io/CycloMedia/simple#1013158.12491447,208816.867192894",420665845,1,QUEENS,46-09,69TH STREET,2432,9,NB,P,PLAN EXAM - APPROVED,3/8/2021,AVINASH,MALHOTRA,RA,13278,N,6/1/2019,15,1013158.125,208816.8672,40.7397834,-73.89568196
105,4001509,"https://nycdob.github.io/CycloMedia/simple#1007036.31301114,209597.90237622",421921460,1,QUEENS,45-29,47 ST.,151,21,NB,P,PLAN EXAM - APPROVED,6/10/2020,JORGE,CHERRES,RA,35852,N,6/13/2019,6,1007036.313,209597.9024,40.741945041259761,-73.917770507370207
19,4623436,"https://nycdob.github.io/CycloMedia/simple#1008609,209960",421731665,1,QUEENS,43-34,53 ST,1321,41,NB,P,PLAN EXAM - APPROVED,6/11/2021,ROBERT,LIN,PE,72792,N,7/10/2019,7,1008609,209960,40.742935,-73.912094
83,4614903,"https://nycdob.github.io/CycloMedia/simple#1011700,209440",421693233,1,QUEENS,43-21,64 STREET,1341,77,NB,P,PLAN EXAM - APPROVED,4/27/2020,GERALD,CALIIENDO,RA,20241,N,4/18/2019,6,1011700,209440,40.741499,-73.900941
223,4623444,"https://nycdob.github.io/CycloMedia/simple#1000026,212442",420666363,1,QUEENS,42-50,24TH STREET,428,1,NB,P,PLAN EXAM - APPROVED,3/31/2021,GARY,HANDEL,RA,16994,N,10/18/2019,32,1000026,212442,40.749767,-73.943062
30,4137638,"https://nycdob.github.io/CycloMedia/simple#1047955.68031922,218057.922857732",421916699,1,QUEENS,39-20,214 PLACE,6242,26,NB,P,PLAN EXAM - APPROVED,8/25/2021,ADEDOSU,JOSHUA,RA,26939,N,9/26/2019,4,1047955.68,218057.9229,40.764965474626472,-73.770024152207114
157,4044234,"https://nycdob.github.io/CycloMedia/simple#1021962.92521822,213178.213457063",421731647,1,QUEENS,37-58,103ST,1768,39,NB,P,PLAN EXAM - APPROVED,5/15/2020,ROBERT,LIN,PE,72792,N,7/31/2019,4,1021962.925,213178.2135,40.751721028368578,-73.863884490964949
108,4119763,"https://nycdob.github.io/CycloMedia/simple#1040637.73202863,216937.354888886",421897941,1,QUEENS,36-30,170 STREET,5296,18,NB,P,PLAN EXAM - APPROVED,5/28/2020,XIUCHENG,LI,PE,98295,N,6/14/2019,3,1040637.732,216937.3549,40.761939516864196,-73.796451053620345
202,4623029,"https://nycdob.github.io/CycloMedia/simple#1041920.889895394444466,217375.311033979058266",421730684,1,QUEENS,36-09,190 STREET,5308,114,NB,P,PLAN EXAM - APPROVED,4/14/2021,HUI,ZENG,PE,90318,N,9/5/2019,3,1041920.889895394444466,217375.311033979058266,40.76314163,-73.79181671
32,4043778,"https://nycdob.github.io/CycloMedia/simple#1023921,214679",421618789,1,QUEENS,34-34,112ND STREET,1755,26,NB,P,PLAN EXAM - APPROVED,8/4/2021,LUIS,WONG,PE,72803,N,8/16/2019,4,1023921,214679,40.755832,-73.856808
263,4436875,"https://nycdob.github.io/CycloMedia/simple#1005837.96862306,218210.418615729",421779132,1,QUEENS,30-43,31ST STREET,615,18,NB,P,PLAN EXAM - APPROVED,9/9/2020,ROBERT,LIN,PE,72792,N,12/27/2019,7,1005837.969,218210.4186,40.765587209276660,-73.922067346911533
16,4623504,"https://nycdob.github.io/CycloMedia/simple#1001007,211962",420665783,1,QUEENS,27-55,JACKSON AVENUE,432,1,NB,P,PLAN EXAM - APPROVED,2/11/2020,GENE,KAUFMAN,RA,17030,N,5/17/2019,9,1001007,211962,40.748448,-73.939523
208,4623439,"https://nycdob.github.io/CycloMedia/simple#1001809,213641",421914539,1,QUEENS,27-09,40 AVENUE,397,35,NB,P,PLAN EXAM - APPROVED,9/3/2020,HARRIET,NIKAKIS,RA,30899,N,9/16/2019,6,1001809,213641,40.753055,-73.936624
60,4010155,"https://nycdob.github.io/CycloMedia/simple#1007985.94103314,218779.171415225",420665220,1,QUEENS,25-61,37TH STREET,653,12,NB,P,PLAN EXAM - APPROVED,12/13/2019,LEO,SGUERA,RA,40054,N,2/22/2019,4,1007985.941,218779.1714,40.767142781618880,-73.914311154172808
10,2113274,"https://nycdob.github.io/CycloMedia/simple#1003568,234178",210180533/210180542,1,BRONX,2455/2457,THIRD AVENUE,2319,37,NB,P,PLAN EXAM - APPROVED,10/21/2020,DAVID,BROWN,RA,35812,N,12/26/2019,24,1003568,234178,40.80942,-73.930216
9,4017056,"https://nycdob.github.io/CycloMedia/simple#1008913.4240863,221789.219200894",420664962,1,QUEENS,22-11,31ST STREET,833,24,NB,P,PLAN EXAM - APPROVED,8/6/2021,JONATHAN,MARVEL,RA,21551,N,1/9/2019,3,1008913.424,221789.2192,40.775402034337752,-73.910951814079695
163,4623020,"https://nycdob.github.io/CycloMedia/simple#1039221.75684223,190888.377131313",421736697,1,QUEENS,145-35,ARLINGTON TERRACE,11938,46,NB,P,PLAN EXAM - APPROVED,4/23/2020,AKEEB,SHEKONI,RA,28575,N,8/14/2019,3,1039221.757,190888.3771,40.69045051,-73.80177522
164,4258042,"https://nycdob.github.io/CycloMedia/simple#1039177.40916188,190880.21835497",421793777,1,QUEENS,145-33,ARLINGTON TERRACE,11938,47,NB,P,PLAN EXAM - APPROVED,4/23/2020,AKEEB,SHEKONI,RA,28575,N,8/14/2019,3,1039177.409,190880.2184,40.690428394563341,-73.801935202340459
165,4116928,"https://nycdob.github.io/CycloMedia/simple#1032659.92055647,215272.721079066",421794259,1,QUEENS,140-46,SANFORD AVENUE,5180,38,NB,P,PLAN EXAM - APPROVED,4/1/2020,ANTHONY,NG,RA,24574,N,8/23/2019,8,1032659.921,215272.7211,40.757417815118693,-73.825261333853092
131,4111909,"https://nycdob.github.io/CycloMedia/simple#1030276.41613714,217727.548518479",421935222,1,QUEENS,133-13,35 AV,4946,50,NB,P,PLAN EXAM - APPROVED,1/2/2020,GEORGE,JENG,RA,26221,Y,6/25/2019,3,1030276.416,217727.5485,40.764168403255979,-73.833847915433338
255,4004286,"https://nycdob.github.io/CycloMedia/simple#1001328,215857",421779864,1,QUEENS,13-19,37TH AVENUE,350,35,NB,P,PLAN EXAM - APPROVED,6/17/2021,RAJ,PARIKH,PE,51224,N,12/17/2019,3,1001328,215857,40.759138,-73.938354
201,3426671,"https://nycdob.github.io/CycloMedia/simple#984372,168847",321797212,1,BROOKLYN,1232A,59 STREET,5711,19,NB,P,PLAN EXAM - APPROVED,12/17/2019,ASHER,HERSHKOWITZ,RA,14962,N,9/4/2019,3,984372,168847,40.630123,-73.99956
20,4623808,"https://nycdob.github.io/CycloMedia/simple#1036020,185575",421940430,1,QUEENS,116-28,125 ST,11681,19,NB,P,PLAN EXAM - APPROVED,6/11/2021,XIAOHONG,ZHAO,PE,86301,N,12/2/2019,5,1036020,185575,40.675886,-73.813361
250,4623144,"https://nycdob.github.io/CycloMedia/simple#1027955.03232847,187976.592272475",421778311,1,QUEENS,103-16,98 STREET,9120,10,NB,P,PLAN EXAM - APPROVED,10/26/2020,AKEEB,SHEKONI,RA,28575,N,12/10/2019,3,1027955.032,187976.5923,40.68252115,-73.84242113
251,4623143,"https://nycdob.github.io/CycloMedia/simple#1027948.95589705,187991.349132732",421778302,1,QUEENS,103-14,98 STREET,9120,9,NB,P,PLAN EXAM - APPROVED,10/23/2020,AKEEB,SHEKONI,RA,28575,N,12/10/2019,3,1027948.956,187991.3491,40.68256169,-73.84244294
153,4198949,"https://nycdob.github.io/CycloMedia/simple#1031570.2882213,190225.301357731",421737936,1,QUEENS,101-04,115 STREET,9432,8,NB,P,PLAN EXAM - APPROVED,6/8/2020,PIROOZ,SOLTANIZADEH,PE,80350,N,7/19/2019,4,1031570.288,190225.3014,40.688674743227629,-73.829370529200759
64,4619739,"https://nycdob.github.io/CycloMedia/simple#997545.684354633092880,210715.738723233342171",420665248,1,QUEENS,11963,47TH AVENUE,46,39,NB,P,PLAN EXAM - APPROVED,8/28/2019,SUZANNA,THARIAN,RA,29684,N,2/26/2019,4,997545.684354633092880,210715.738723233342171,40.74504089,-73.95201874
34,3168922,"https://nycdob.github.io/CycloMedia/simple#984351.843616381,157699.325399309",321970970,1,BROOKLYN,8781,21ST AVENUE,6445,24,NB,P,PLAN EXAM - APPROVED,8/13/2021,PAUL,LOMBARDI,RA,26694,N,6/25/2019,3,984351.8436,157699.3254,40.599524449840978,-73.999633258600781
18,3428625,"https://nycdob.github.io/CycloMedia/simple#976101.070419803261757,167637.844892308115959",321595626,1,BROOKLYN,8109,3 AVENUE,5997,7,NB,P,PLAN EXAM - APPROVED,6/19/2020,SHMUEL,WIEDER,RA,40451,N,10/30/2019,5,976101.070419803261757,167637.844892308115959,40.62680817,-74.02935791
160,3428673,"https://nycdob.github.io/CycloMedia/simple#977068,168744",321981851,1,BROOKLYN,7608,4TH AVENUE,5950,44,NB,P,PLAN EXAM - APPROVED,3/31/2021,GERALD,CALIENDO,RA,20241,N,8/2/2019,6,977068,168744,40.629837,-74.025874
261,3143033,"https://nycdob.github.io/CycloMedia/simple#980921.2497558,168470.206088483",321596509,1,BROOKLYN,6812,FORT HAMILTON PARKWAY,5771,15,NB,P,PLAN EXAM - APPROVED,11/25/2020,CHANG HWA,TAN,RA,25376,N,12/20/2019,4,980921.2498,168470.2061,40.629087667372296,-74.011992222367525
69,5088814,"https://nycdob.github.io/CycloMedia/simple#915598.118591309,126526.657429814",510113351,1,STATEN ISLAND,5336,ARTHUR KILL RD,8024,41,NB,P,PLAN EXAM - APPROVED,8/3/2020,JEFFREY,GEARY,RA,30200,N,3/7/2019,3,915598.1186,126526.6574,40.513695900215133,-74.246900084220400
80,2084619,"https://nycdob.github.io/CycloMedia/simple#1012444.74248298,266939.342483148",210179420,1,BRONX,5276,POST ROAD,5835,3054,NB,P,PLAN EXAM - APPROVED,9/30/2019,NASHAT,IBRAHIM,RA,38873,N,4/11/2019,4,1012444.742,266939.3425,40.899315366961680,-73.898012075115830
235,3428672,"https://nycdob.github.io/CycloMedia/simple#990468,166928",322006351/322006342,1,BROOKLYN,5014,20 AVENUE,5462,44,NB,P,PLAN EXAM - APPROVED,6/10/2020,DAVID,SILBERMAN,PE,59599,N,11/12/2019,3,990468,166928,40.624853,-73.9776
77,3428857,"https://nycdob.github.io/CycloMedia/simple#980892,174798",321954364,1,BROOKLYN,4919,4TH AVENUE,783,80,NB,P,PLAN EXAM - APPROVED,10/4/2019,DONGSHENG,LU,PE,96103,N,4/10/2019,9,980892,174798,40.646456,-74.012101
36,2071060,"https://nycdob.github.io/CycloMedia/simple#1024874.11263731,267450.395594895",210180258,1,BRONX,4519,WHITE PLAINS ROAD,5081,89,NB,P,PLAN EXAM - APPROVED,1/5/2021,DOMINICK,PILLA,PE,74213,N,10/3/2019,9,1024874.113,267450.3956,40.900669567921739,-73.853048689001596
242,2070754,"https://nycdob.github.io/CycloMedia/simple#1025051.83341047,266885.541409642",220593926,1,BRONX,4442,FURMAN AVENUE,5071,21,NB,P,PLAN EXAM - APPROVED,7/29/2020,SION,HOURIZADEH,PE,74129,N,11/22/2019,3,1025051.833,266885.5414,40.899118406459579,-73.852409256050279
243,2130456,"https://nycdob.github.io/CycloMedia/simple#1025058,266849",220593917,1,BRONX,4440,FURMAN AVE,5071,20,NB,P,PLAN EXAM - APPROVED,7/29/2020,SION,HOURIZADEH,PE,74129,N,11/22/2019,3,1025058,266849,40.899018,-73.852387
97,2130570,"https://nycdob.github.io/CycloMedia/simple#1009184,262589",220704995,1,BRONX,3631,JOHNSON AVENUE,5799,67,NB,P,PLAN EXAM - APPROVED,4/27/2021,MICHAEL,KANG,RA,24849,N,5/20/2019,8,1009184,262589,40.887385,-73.909823
237,3113875,"https://nycdob.github.io/CycloMedia/simple#1000135.16113105,171283.461616814",321595902,1,BROOKLYN,3511,FARRAGUT ROAD,4999,5,NB,P,PLAN EXAM - APPROVED,7/27/2021,SHMUEL,WIEDER,RA,40451,N,11/15/2019,4,1000135.161,171283.4616,40.636795838709581,-73.942765185687918
238,3428626,"https://nycdob.github.io/CycloMedia/simple#1000095.1051088,171247.592265978",321595911,1,BROOKLYN,3509,FARRAGUT ROAD,4999,6,NB,P,PLAN EXAM - APPROVED,7/22/2021,SHMUEL,WIEDER,RA,40451,N,11/15/2019,4,1000095.105,171247.5923,40.63669746,-73.94290959
3,2129382,"https://nycdob.github.io/CycloMedia/simple#1031796.52792631,260139.166779056",220687451,1,BRONX,3305,ROMBOUTS AVENUE,5141,364,NB,P,PLAN EXAM - APPROVED,6/28/2021,MOHAMED,MABROUK,PE,93990,N,1/17/2019,3,1031796.528,260139.1668,40.880568,-73.82805992
124,4857761,"https://nycdob.github.io/CycloMedia/simple#1048878.2221093,158968.701469481",421729945,1,QUEENS,3104,BESSEMUND AVENUE,15738,95,NB,P,PLAN EXAM - APPROVED,8/11/2020,NICHOLAS,SCIRE-CHIANETTA,RA,21613,N,6/20/2019,3,1048878.222,158968.7015,40.60277297,-73.76726057
121,4857762,"https://nycdob.github.io/CycloMedia/simple#1048855.65260063,158964.361255065",421729954,1,QUEENS,3102,BESSEMUND AVENUE,15738,92,NB,P,PLAN EXAM - APPROVED,8/11/2020,NICHOLAS,SCIRE-CHIANETTA,RA,21613,N,6/20/2019,3,1048855.653,158964.3613,40.60276122,-73.76734188
118,4857763,"https://nycdob.github.io/CycloMedia/simple#1048836.55552597,158960.888821065",421729963,1,QUEENS,3028,BESSEMUND AVENUE,15738,91,NB,P,PLAN EXAM - APPROVED,7/23/2020,NICHOLAS,SCIRE-CHIANETTA,RA,21613,N,6/20/2019,3,1048836.556,158960.8888,40.60275183,-73.76741069
116,4857764,"https://nycdob.github.io/CycloMedia/simple#1048816.59001473,158953.944609225",421729972,1,QUEENS,3026,BESSEMUND AVENUE,15738,189,NB,P,PLAN EXAM - APPROVED,7/17/2020,NICHOLAS,SCIRE-CHIANETTA,RA,21613,N,6/20/2019,3,1048816.59,158953.9446,40.60273292,-73.76748265
117,4857765,"https://nycdob.github.io/CycloMedia/simple#1048798.36104855,158952.208392233",421729981,1,QUEENS,3024,BESSEMUND AVENUE,15738,89,NB,P,PLAN EXAM - APPROVED,7/17/2020,NICHOLAS,SCIRE-CHIANETTA,RA,21613,N,6/20/2019,3,1048798.361,158952.2084,40.60272828,-73.76754832
120,4857766,"https://nycdob.github.io/CycloMedia/simple#1048780.99986281,158947.000069305",421729259,1,QUEENS,3020,BESSEMUND AVENUE,15738,88,NB,P,PLAN EXAM - APPROVED,7/20/2020,NICHOLAS,SCIRE-CHIANETTA,RA,21613,N,6/20/2019,3,1048781,158947.0001,40.60271411,-73.76761089
119,4857767,"https://nycdob.github.io/CycloMedia/simple#1048756.69446522,158942.659854889",421729268,1,QUEENS,3018,BESSEMUND AVENUE,15738,187,NB,P,PLAN EXAM - APPROVED,8/6/2020,NICHOLAS,SCIRE-CHIANETTA,RA,21613,N,6/20/2019,3,1048756.694,158942.6599,40.60270238,-73.76769846
115,4857768,"https://nycdob.github.io/CycloMedia/simple#1048730.65252255,158933.979097977",421729277,1,QUEENS,3016,BESSEMUND AVENUE,15738,87,NB,P,PLAN EXAM - APPROVED,8/24/2020,NICHOLAS,SCIRE-CHIANETTA,RA,21613,N,6/20/2019,4,1048730.653,158933.9791,40.60267874,-73.76779232
245,2016571,"https://nycdob.github.io/CycloMedia/simple#1016344.4958383,255854.696673483",210180454,1,BRONX,2960,MARION AVE,3285,9,NB,P,PLAN EXAM - APPROVED,7/6/2021,SURESH,MANCHANDA,RA,18075,N,11/27/2019,4,1016344.496,255854.6967,40.868878182884409,-73.883958755516900
59,2054986,"https://nycdob.github.io/CycloMedia/simple#1023326.5409293,255996.225589886",210179108,1,BRONX,2959,PAULDING AVENUE,4554,35,NB,P,PLAN EXAM - APPROVED,11/21/2019,MOHSEN,SALEH,PE,97645,N,2/15/2019,3,1023326.541,255996.2256,40.869238488478921,-73.858713603981727
14,2016570,"https://nycdob.github.io/CycloMedia/simple#1016325.36661147,255845.594329476",210180445,1,BRONX,2958,MARION AVE,3285,7,NB,P,PLAN EXAM - APPROVED,7/6/2021,SURESH,MANCHANDA,RA,18075,N,11/27/2019,4,1016325.367,255845.5943,40.868853269280372,-73.884027962869283
151,3244424,"https://nycdob.github.io/CycloMedia/simple#994375.797321722,150604.820887566",321594342,1,BROOKLYN,2944,BRIGHTON 5 ST,8664,468,NB,P,PLAN EXAM - APPROVED,6/1/2020,IGOR,ZASLAVSKIY,RA,30655,N,7/11/2019,3,994375.7973,150604.8209,40.580045671055863,-73.963547385048614
95,2130343,"https://nycdob.github.io/CycloMedia/simple#1025564,255712",210179607,1,BRONX,2928,THROOP AVENUE,4563,23,NB,P,PLAN EXAM - APPROVED,10/9/2020,MOHSEN,SALEH,PE,97645,N,5/17/2019,3,1025564,255712,40.868449,-73.850626
149,2130342,"https://nycdob.github.io/CycloMedia/simple#1025522.45976581,255702.889890477",210179858,1,BRONX,2926,THROOP AVENUE,4563,22,NB,P,PLAN EXAM - APPROVED,11/16/2020,MOHSEN,SALEH,PE,97645,N,7/7/2019,3,1025522.46,255702.8899,40.86842338,-73.85077579
143,2017590,"https://nycdob.github.io/CycloMedia/simple#1014226.62835489,256814.632745728",210179821,1,BRONX,2880,JEROME AVE,3319,46,NB,P,PLAN EXAM - APPROVED,3/2/2021,ANDREW,KNOX,RA,22216,N,6/28/2019,17,1014226.628,256814.6327,40.871520358299641,-73.891611839998305
51,2074236,"https://nycdob.github.io/CycloMedia/simple#1030433,245101",220689128,1,BRONX,2865,CODDINGTON AVE,5376,48,NB,P,PLAN EXAM - APPROVED,11/7/2019,GINO,LONGO,RA,24104,N,2/6/2019,3,1030433,245101,40.8393,-73.833094
78,5057794,"https://nycdob.github.io/CycloMedia/simple#950022.248233721,146874.790289894",520372579,1,STATEN ISLAND,2750,AMBOY ROAD,4229,28,NB,P,PLAN EXAM - APPROVED,4/6/2020,FRANK,MARTARELLA III,RA,33343,Y,4/11/2019,3,950022.2482,146874.7903,40.569747185265243,-74.123200083211827
79,5169253,"https://nycdob.github.io/CycloMedia/simple#950029.282340392,146904.748563305",520372560,1,STATEN ISLAND,2748,AMBOY ROAD,4229,29,NB,P,PLAN EXAM - APPROVED,4/15/2020,FRANK,MARTARELLA III,RA,33343,Y,4/11/2019,3,950029.2823,146904.7486,40.56982944,-74.12317492
11,2042235,"https://nycdob.github.io/CycloMedia/simple#1025160.05268222,245911.964918554",220712888,1,BRONX,2422,LYVERE ST,3997,17,NB,P,PLAN EXAM - APPROVED,6/28/2021,MICHAEL,DEPASQUALE,RA,15324,N,8/16/2019,5,1025160.053,245911.9649,40.841551935139400,-73.852145854249798
41,3038957,"https://nycdob.github.io/CycloMedia/simple#1009524.08887547,185011.770118147",321385728,1,BROOKLYN,2380,DEAN ST,1449,57,NB,P,PLAN EXAM - APPROVED,12/13/2019,NARESH,MAHANGU,PE,89068,N,1/14/2019,7,1009524.089,185011.7701,40.674455205605199,-73.908885106908556
229,3207054,"https://nycdob.github.io/CycloMedia/simple#999044.043234557,167944.569344476",321595653,1,BROOKLYN,2343,NOSTRAND AVENUE,7594,16,NB,P,PLAN EXAM - APPROVED,4/5/2021,DAVID,BROWN,RA,35812,N,11/1/2019,7,999044.0432,167944.5693,40.627633177645855,-73.946703841634275
40,3336216,"https://nycdob.github.io/CycloMedia/simple#996299.526741967,176213.520654306",321385657,1,BROOKLYN,2266,CHURCH AVENUE,5103,50,NB,P,PLAN EXAM - APPROVED,5/12/2020,RAYMOND,CHAN,RA,15817,N,1/9/2019,4,996299.5267,176213.5207,40.650333836841057,-73.956576307952062
166,3858444,"https://nycdob.github.io/CycloMedia/simple#990550,166129",321921925,1,BROOKLYN,2041,53 ST,5476,46,NB,P,PLAN EXAM - APPROVED,6/17/2020,ASHER,HERSHKOWITZ,RA,14962,N,8/23/2019,3,990550,166129,40.62266,-73.977306
264,3428753,"https://nycdob.github.io/CycloMedia/simple#997127.44634597,162328.587466225",321596625,1,BROOKLYN,2039,OCEAN AVENUE,6767,70,NB,P,PLAN EXAM - APPROVED,5/26/2020,DANIEL,BERNSTEIN,RA,16854,N,12/30/2019,8,997127.4463,162328.5875,40.61222147,-73.95361917
214,3191926,"https://nycdob.github.io/CycloMedia/simple#993195,158274",321996033,1,BROOKLYN,2022,EAST 5TH STREET,7107,143,NB,P,PLAN EXAM - APPROVED,2/26/2020,ANDREW,WILKINSON,RA,27917,N,9/25/2019,3,993195,158274,40.601098,-73.967788
260,1091645,"https://nycdob.github.io/CycloMedia/simple#1000956,233087",121206818,1,MANHATTAN,1975,MADISON AVENUE,1751,20,NB,P,PLAN EXAM - APPROVED,2/19/2021,JORDAN,ROGOVE,RA,32476,N,12/20/2019,8,1000956,233087,40.80643,-73.939654
101,2047959,"https://nycdob.github.io/CycloMedia/simple#1021598.53716747,248784.657663971",220705887,1,BRONX,1953,WALLACE AVENUE,4260,41,NB,P,PLAN EXAM - APPROVED,9/24/2020,GINO,LONGO,RA,24104,N,5/30/2019,3,1021598.537,248784.6577,40.849452404942816,-73.865001603615596
262,3856204,"https://nycdob.github.io/CycloMedia/simple#1010672,183691",322003363,1,BROOKLYN,1847,PITKIN AVENUE,3709,134,NB,P,PLAN EXAM - APPROVED,5/28/2020,ALBERTO,ROMAN,PE,95364,N,12/24/2019,4,1010672,183691,40.670827,-73.904752
212,3823820,"https://nycdob.github.io/CycloMedia/simple#1007481,183907",321993018,1,BROOKLYN,1846,PARK PL,1468,14,NB,P,PLAN EXAM - APPROVED,12/11/2020,PETER,GEE,RA,21890,N,9/24/2019,4,1007481,183907,40.671429,-73.916254
239,3856203,"https://nycdob.github.io/CycloMedia/simple#1010654,183687",322008894,1,BROOKLYN,1845,PITKIN AVENUE,3709,135,NB,P,PLAN EXAM - APPROVED,5/28/2020,ALBERTO,ROMAN,PE,95364,N,11/19/2019,4,1010654,183687,40.670816,-73.904817
17,2130579,"https://nycdob.github.io/CycloMedia/simple#1010272,247431",220707867,1,BRONX,1761,TOPPING AVENUE,2798,46,NB,P,PLAN EXAM - APPROVED,6/2/2021,ANTHONY,CUCICH,RA,13469,N,6/21/2019,6,1010272,247431,40.845778,-73.905947
57,2809523,"https://nycdob.github.io/CycloMedia/simple#1007996.459384799003601,248538.142080888152122",210179910,1,BRONX,1701,GRAND AVENUE,2867,98,NB,P,PLAN EXAM - APPROVED,8/15/2019,JOHN,COOGAN,RA,15826,N,2/12/2019,7,1007996.459384799003601,248538.142080888152122,40.84883118,-73.91416931
55,3039270,"https://nycdob.github.io/CycloMedia/simple#1009037.72042564,184443.865742147",321923665,1,BROOKLYN,1694,ST MARKS AVE,1461,14,NB,P,PLAN EXAM - APPROVED,6/27/2019,BAHRAM,TEHRANI,PE,83764,N,2/8/2019,4,1009037.72,184443.8657,40.672897811728106,-73.910640587153523
133,3428873,"https://nycdob.github.io/CycloMedia/simple#999505,169757",321937776,1,BROOKLYN,1644,NEW YORK AVE.,7560,69,NB,P,PLAN EXAM - APPROVED,11/18/2020,EDMOND,HAKIMIAN,PE,62937,N,6/26/2019,6,999505,169757,40.632607,-73.945039
155,3428633,"https://nycdob.github.io/CycloMedia/simple#1006459.84139505,195702.492503062",321594672,1,BROOKLYN,1601,DEKALB AVENUE,3237,23,NB,P,PLAN EXAM - APPROVED,6/29/2021,ARIEL,AUFGANG,RA,32789,N,7/26/2019,9,1006459.841,195702.4925,40.703806986293571,-73.919896687403934
26,3114069,"https://nycdob.github.io/CycloMedia/simple#999594.500795051,170700.15832147",321937767,1,BROOKLYN,1541,NEW YORK AVE.,5008,21,NB,P,PLAN EXAM - APPROVED,6/9/2020,EDMOND,HAKIMIAN,PE,62937,N,3/29/2019,6,999594.5008,170700.1583,40.635195748756836,-73.944714530478336
130,3128418,"https://nycdob.github.io/CycloMedia/simple#988500.988205224,170243.481085226",322061335,1,BROOKLYN,1532,45 STREET,5433,19,NB,P,PLAN EXAM - APPROVED,10/3/2019,OLEG,RUDITSER,PE,85125,N,6/24/2019,4,988500.9882,170243.4811,40.633954537538983,-73.984684187747646
98,3128417,"https://nycdob.github.io/CycloMedia/simple#988478.422305465,170258.087683305",322061326,1,BROOKLYN,1528,45 STREET,5433,18,NB,P,PLAN EXAM - APPROVED,10/3/2019,OLEG,RUDITSER,PE,85125,N,5/23/2019,4,988478.4223,170258.0877,40.633994640350849,-73.984765480885486
89,3426830,"https://nycdob.github.io/CycloMedia/simple#1022145.774590060114861,184371.411162644624710",321741914,1,BROOKLYN,1437,BLAKE AVENUE,4274,57,NB,P,PLAN EXAM - APPROVED,6/5/2020,JUNG,SHIN,PE,50090,N,5/9/2019,3,1022145.774590060114861,184371.411162644624710,40.67266083,-73.86338806
90,3095895,"https://nycdob.github.io/CycloMedia/simple#1022155.89792939,184415.353003889",321718879,1,BROOKLYN,1435,BLAKE AVENUE,4274,1,NB,P,PLAN EXAM - APPROVED,6/5/2020,JUNG,SHIN,PE,50090,N,5/9/2019,3,1022155.898,184415.353,40.672773100639610,-73.863349950020734
91,2010735,"https://nycdob.github.io/CycloMedia/simple#1014934.09183498,242072.228831649",210179581,1,BRONX,1432,VYSE AVE,2994,15,NB,P,PLAN EXAM - APPROVED,6/29/2020,JAKOV,SARIC,RA,37199,N,5/10/2019,4,1014934.092,242072.2288,40.831054432827287,-73.889121299906549
141,3136794,"https://nycdob.github.io/CycloMedia/simple#987761.518883631,170670.266648978",321973682,1,BROOKLYN,1423,46 STREET,5618,71,NB,P,PLAN EXAM - APPROVED,4/28/2020,BAHRAM,TEHRANI,PE,83764,N,6/27/2019,4,987761.5189,170670.2666,40.635126297258175,-73.987348186913920
139,2130358,"https://nycdob.github.io/CycloMedia/simple#1025091,243711",220706369,1,BRONX,1353,CASTLE HILL AVENUE,3935,58,NB,P,PLAN EXAM - APPROVED,4/7/2021,GINO,LONGO,RA,24104,N,6/27/2019,8,1025091,243711,40.835512,-73.852409
62,2129470,"https://nycdob.github.io/CycloMedia/simple#1025350,243380",210179135,1,BRONX,1300,CASTLE HILL AVE,3963,1,NB,P,PLAN EXAM - APPROVED,9/8/2020,RICHARD,SAUNDERSON,RA,19712,N,2/25/2019,7,1025350,243380,40.834602,-73.851475
248,2130446,"https://nycdob.github.io/CycloMedia/simple#1008574.99989438,243600.000054315",220721404,1,BRONX,1297,COLLEGE AVENUE,2785,75,NB,P,PLAN EXAM - APPROVED,9/4/2020,DIEGO,AGUILERA,RA,32873,N,12/5/2019,4,1008575,243600.0001,40.83526753,-73.91209468
2,3037411,"https://nycdob.github.io/CycloMedia/simple#1004380.9803953,183043.976153478",321992475,1,BROOKLYN,1233,EASTERN PARKWAY,1392,75,NB,P,PLAN EXAM - APPROVED,5/3/2021,RICHARD,WAINER,RA,23225,N,5/8/2019,7,1004380.98,183043.9762,40.669067243497459,-73.927432247126703
207,3428561,"https://nycdob.github.io/CycloMedia/simple#997345,187346",321597777,1,BROOKLYN,1215,FULTON STREET,1842,15,NB,P,PLAN EXAM - APPROVED,1/8/2021,MANISH,CHADHA,RA,33196,N,9/16/2019,10,997345,187346,40.680889,-73.952787
213,3110834,"https://nycdob.github.io/CycloMedia/simple#999312.343550965,173982.326953977",321797230,1,BROOKLYN,1183,NEW YORK AVENUE,4933,53,NB,P,PLAN EXAM - APPROVED,1/21/2020,ASHER,HERSHKOWITZ,RA,14962,N,9/25/2019,4,999312.3436,173982.327,40.644205081972515,-73.945723801464084
232,3428623,"https://nycdob.github.io/CycloMedia/simple#999310.111271977,174002.477504224",321729616,1,BROOKLYN,1181,NEW YORK AVENUE,4933,54,NB,P,PLAN EXAM - APPROVED,1/21/2020,ASHER,HERSHKOWITZ,RA,14962,N,11/4/2019,4,999310.1113,174002.4775,40.644260394679421,-73.945731800353528
148,3118268,"https://nycdob.github.io/CycloMedia/simple#993229.17625539,172453.961900473",321594324,1,BROOKLYN,1105,CORTELYOU ROAD,5142,90,NB,P,PLAN EXAM - APPROVED,6/25/2020,NARESH,MAHANGU,PE,89068,N,7/2/2019,6,993229.1763,172453.9619,40.640018304816145,-73.967646140001690
86,3817058,"https://nycdob.github.io/CycloMedia/simple#1005246,191969",321387888,1,BROOKLYN,1103,GREENE AVENUE,3284,38,NB,P,PLAN EXAM - APPROVED,10/17/2019,WU (WOODY),CHEN,PE,84996,N,4/24/2019,4,1005246,191969,40.693563,-73.924286
125,4857758,"https://nycdob.github.io/CycloMedia/simple#1048771.45132548,158971.30546689",421729909,1,QUEENS,1066,BEACH 32 STREET,15738,195,NB,P,PLAN EXAM - APPROVED,8/12/2020,NICHOLAS,SCIRE-CHIANETTA,RA,21613,N,6/20/2019,3,1048771.451,158971.3055,40.6027809,-73.76764504
123,4857759,"https://nycdob.github.io/CycloMedia/simple#1048763.63867706,158989.534761146",421729918,1,QUEENS,1062,BEACH 32 STREET,15738,194,NB,P,PLAN EXAM - APPROVED,8/12/2020,NICHOLAS,SCIRE-CHIANETTA,RA,21613,N,6/20/2019,3,1048763.639,158989.5348,40.60283099,-73.767673
122,4857760,"https://nycdob.github.io/CycloMedia/simple#1048756.69446522,159010.36805281",421729927,1,QUEENS,1060,BEACH 32 STREET,15738,192,NB,P,PLAN EXAM - APPROVED,9/16/2020,NICHOLAS,SCIRE-CHIANETTA,RA,21613,N,6/20/2019,3,1048756.694,159010.3681,40.60288822,-73.76769781
220,2003480,"https://nycdob.github.io/CycloMedia/simple#1003631.80013514,243407.851488471",220638237,1,BRONX,1058,UNIVERSITY AVENUE,2526,40,NB,P,PLAN EXAM - APPROVED,8/4/2020,WILLY,ZAMBRANO,RA,27030,N,10/11/2019,7,1003631.8,243407.8515,40.834752366036717,-73.929958888224434
158,3400905,"https://nycdob.github.io/CycloMedia/simple#1007298.46209314,189651.170944303",321958850,1,BROOKLYN,1038,JEFFERSON AVENUE,3387,14,NB,P,PLAN EXAM - APPROVED,3/12/2020,ALBERTO,ROMAN,PE,95364,N,8/1/2019,5,1007298.462,189651.1709,40.687195376008482,-73.916892777090396
159,3819463,"https://nycdob.github.io/CycloMedia/simple#1007142,189722",321958841,1,BROOKLYN,1033,JEFFERSON AVENUE,3380,59,NB,P,PLAN EXAM - APPROVED,2/3/2020,ALBERTO,ROMAN,PE,95364,N,8/1/2019,5,1007142,189722,40.687391,-73.917457
74,3429002,"https://nycdob.github.io/CycloMedia/simple#995749,187094",321918421,1,BROOKLYN,1015,ATLANTIC AVENUE,2019,51,NB,P,PLAN EXAM - APPROVED,2/11/2020,JOSE,LOCKHART,PE,87807,N,3/19/2019,6,995749,187094,40.680199,-73.958542
109,2807485,"https://nycdob.github.io/CycloMedia/simple#1024884,260780",210179698,1,BRONX,1011,EAST 221 STREET,4704,20,NB,P,PLAN EXAM - APPROVED,1/3/2020,SURESH,MANCHANDA,RA,18075,N,6/14/2019,3,1024884,260780,40.882362,-73.853053
236,1038561,"https://nycdob.github.io/CycloMedia/simple#993321.776463881,215128.008770064",121206569,1,MANHATTAN,1009,SECOND AVENUE,1327,23,NB,P,PLAN EXAM - APPROVED,6/15/2021,RALPH,KOWALCZYK,RA,39696,N,11/13/2019,19,993321.7765,215128.0088,40.757148490075672,-73.967255003171530
228,3118014,"https://nycdob.github.io/CycloMedia/simple#997652.785518393,174570.197825477",321980969,1,BROOKLYN,997,ROGERS AVENUE,5138,54,NB,P,PLAN EXAM - APPROVED,4/8/2020,ALBERTO,ROMAN,PE,95364,N,10/28/2019,4,997652.7855,174570.1978,40.645821327463928,-73.951702744198798
253,2130438,"https://nycdob.github.io/CycloMedia/simple#1009561,239016",220717598,1,BRONX,903,EAGLE AVENUE,2620,45,NB,P,PLAN EXAM - APPROVED,2/17/2021,FERNANDO,GEREMIA,RA,16393,N,12/17/2019,4,1009561,239016,40.822683,-73.908549
247,2130373,"https://nycdob.github.io/CycloMedia/simple#1005943,240300",210180481,1,BRONX,869,CONCOURSE VILLAGE WEST,2459,49,NB,P,PLAN EXAM - APPROVED,10/6/2020,MANISH,SAVANI,RA,29410,N,12/4/2019,9,1005943,240300,40.826217,-73.921617
167,3017934,"https://nycdob.github.io/CycloMedia/simple#985390,174675",321921943,1,BROOKLYN,864,39 STREET,916,28,NB,P,PLAN EXAM - APPROVED,8/24/2020,ASHER,HERSHKOWITZ,RA,14962,N,8/23/2019,4,985390,174675,40.646119,-73.995892
81,2129405,"https://nycdob.github.io/CycloMedia/simple#1010401,238216",220694611,1,BRONX,831,FOREST AVE,2647,18,NB,P,PLAN EXAM - APPROVED,10/31/2019,MOHAMMAD,BADALY,RA,19437,N,4/16/2019,4,1010401,238216,40.820485,-73.905517
50,3428599,"https://nycdob.github.io/CycloMedia/simple#1002167.585543885827065,192738.721527725458145",321386111,1,BROOKLYN,825,WILLOUGHBY AVENUE,1589,154,NB,P,PLAN EXAM - APPROVED,4/3/2020,RAMY,ISSAC,RA,18258,N,2/1/2019,4,1002167.585543885827065,192738.721527725458145,40.69569016,-73.93538666
244,3124401,"https://nycdob.github.io/CycloMedia/simple#991949.435048476,175246.124295145",321596019,1,BROOKLYN,816,CATON AVENUE,5331,6,NB,P,PLAN EXAM - APPROVED,10/22/2020,RAVI,AHUJA,RA,23757,N,11/22/2019,4,991949.435,175246.1243,40.647683394207867,-73.972254129634493
225,2130378,"https://nycdob.github.io/CycloMedia/simple#1023044.45455122,260592.014954731",210180347,1,BRONX,809,EAST 218 STREET,4677,36,NB,P,PLAN EXAM - APPROVED,4/8/2021,SURESH,MANCHANDA,RA,18075,N,10/18/2019,3,1023044.455,260592.015,40.88185374,-73.85970691
224,2130379,"https://nycdob.github.io/CycloMedia/simple#1022965,260649",210180338,1,BRONX,803,EAST 218 STREET,4677,37,NB,P,PLAN EXAM - APPROVED,4/20/2021,SURESH,MANCHANDA,RA,18075,N,10/18/2019,3,1022965,260649,40.882011,-73.859994
252,3822355,"https://nycdob.github.io/CycloMedia/simple#997757,192449",321596402,1,BROOKLYN,778,MYRTLE AVENUE,1754,20,NB,P,PLAN EXAM - APPROVED,5/20/2020,AKIKO,KYEI-ABOAGYE,RA,32815,N,12/13/2019,9,997757,192449,40.694895,-73.951291
54,1041127,"https://nycdob.github.io/CycloMedia/simple#992913.081743225,218941.706851304",121204776,1,MANHATTAN,760,MADISON AVENUE,1380,17,NB,P,PLAN EXAM - APPROVED,12/30/2020,RICHARD,COOK,RA,18596,N,2/7/2019,13,992913.0817,218941.7069,40.767616519389684,-73.968725290790374
230,3338192,"https://nycdob.github.io/CycloMedia/simple#996301.295111135,193650.263011724",321773602,1,BROOKLYN,747,BEDFORD AV,1715,21,NB,P,PLAN EXAM - APPROVED,7/25/2020,DE-JAN,LU,RA,34322,N,11/4/2019,6,996301.2951,193650.263,40.698193763639580,-73.956538758197425
42,3017891,"https://nycdob.github.io/CycloMedia/simple#984506.995208964,175384.720802724",321786901,1,BROOKLYN,714,39TH STREET,915,10,NB,P,PLAN EXAM - APPROVED,8/30/2019,YING,LI,RA,32042,N,1/16/2019,4,984506.9952,175384.7208,40.648067154810008,-73.999073880537736
217,2130442,"https://nycdob.github.io/CycloMedia/simple#1025676,268277",210180294,1,BRONX,714,EAST 241 STREET,5087,1,NB,P,PLAN EXAM - APPROVED,4/9/2021,ARIEL,AUFGANG,RA,32789,N,10/10/2019,11,1025676,268277,40.902935,-73.850143
72,3038480,"https://nycdob.github.io/CycloMedia/simple#1001465,180787",321935064,1,BROOKLYN,704,LEFFERTS AVENUE,1428,31,NB,P,PLAN EXAM - APPROVED,10/14/2020,SION,HOURIZADEH,PE,74129,N,3/19/2019,6,1001465,180787,40.662879,-73.937949
132,1064049,"https://nycdob.github.io/CycloMedia/simple#1002761.4678863,250503.360263303",123766433,1,MANHATTAN,673,WEST 187 STREET,2170,35,NB,P,PLAN EXAM - APPROVED,5/18/2020,OLEG,RUDITSER,PE,85125,N,6/25/2019,6,1002761.468,250503.3603,40.854229318182576,-73.933084468546724
43,3126707,"https://nycdob.github.io/CycloMedia/simple#990967.766736224,171061.201562643",321385853,1,BROOKLYN,651,EAST 3RD STREET,5387,54,NB,P,PLAN EXAM - APPROVED,4/17/2020,SHIMING,TAM,RA,18525,N,1/17/2019,5,990967.7667,171061.2016,40.636197479037016,-73.975795860140664
4,2115573,"https://nycdob.github.io/CycloMedia/simple#1012148.0908453,242912.256679147",210179812,1,BRONX,651,JEFFERSON PLACE,2935,72,NB,P,PLAN EXAM - APPROVED,7/27/2021,HACKJONG,CHOI,RA,34704,N,6/27/2019,6,1012148.091,242912.2567,40.833369305922233,-73.899185169099340
76,3017072,"https://nycdob.github.io/CycloMedia/simple#986549.373013973,180725.455199972",321387361,1,BROOKLYN,643,5TH AVENUE,879,7,NB,P,PLAN EXAM - APPROVED,5/5/2020,CHANG HWA,TAN,RA,25376,N,4/1/2019,7,986549.373,180725.4552,40.662726007319833,-73.991712055339363
87,3401762,"https://nycdob.github.io/CycloMedia/simple#1015712.43575072,184953.107177719",321320584,1,BROOKLYN,640,GLENMORE AVENUE,3998,14,NB,P,PLAN EXAM - APPROVED,10/7/2020,VICTOR,HAN,RA,28349,N,5/1/2019,3,1015712.436,184953.1072,40.674274358488518,-73.886575971355015
218,2115801,"https://nycdob.github.io/CycloMedia/simple#1008659.75825505,237022.810124725",201203278,1,BRONX,639,ST. ANNS AVENUE,2359,100,NB,P,PLAN EXAM - APPROVED,4/20/2020,JOMO,CHARLES,RA,38287,Y,10/10/2019,4,1008659.758,237022.8101,40.817214788243206,-73.911812310972707
61,3429084,"https://nycdob.github.io/CycloMedia/simple#998613,199382",321386380,1,BROOKLYN,624,METROPOLITAN AVENUE,2762,14,NB,P,PLAN EXAM - APPROVED,11/25/2020,NATHAN,RICH,RA,39612,N,2/25/2019,8,998613,199382,40.713923,-73.94819
52,3120272,"https://nycdob.github.io/CycloMedia/simple#996014.846865132,172028.880729645",321923549,1,BROOKLYN,621,EAST 21 ST,5207,50,NB,P,PLAN EXAM - APPROVED,8/7/2019,RICHARD,WAINER,RA,23225,N,2/6/2019,8,996014.8469,172028.8807,40.638848285928724,-73.957609525671515
216,3112625,"https://nycdob.github.io/CycloMedia/simple#1001137.54560922,172721.119502649",321595083,1,BROOKLYN,604,EAST 40 STREET,4973,16,NB,P,PLAN EXAM - APPROVED,1/7/2021,PAUL,CASTRUCCI,RA,16890,N,10/3/2019,4,1001137.546,172721.1195,40.640740047063602,-73.939149960742455
205,2130364,"https://nycdob.github.io/CycloMedia/simple#1024025.614990472793579,267807.138975888490677",220714270,1,BRONX,603,E 239 STREET,5075,9,NB,P,PLAN EXAM - APPROVED,2/19/2021,GERALD,CALIENDO,RA,20241,N,9/10/2019,3,1024025.614990472793579,267807.138975888490677,40.90166092,-73.85611725
206,2070833,"https://nycdob.github.io/CycloMedia/simple#1024014.4804983,267794.304027811",220713761,1,BRONX,601,E 239 STREET,5075,10,NB,P,PLAN EXAM - APPROVED,3/2/2021,GERALD,CALIENDO,RA,20241,N,9/10/2019,3,1024014.48,267794.304,40.901617400996919,-73.856156224005304
203,3428616,"https://nycdob.github.io/CycloMedia/simple#1011384,178794",321597606,1,BROOKLYN,589,CHRISTOPHER AVENUE,3861,1,NB,P,PLAN EXAM - APPROVED,12/21/2020,BRADFORD,PERKINS,RA,14272,N,9/9/2019,11,1011384,178794,40.657384,-73.902205
6,3106547,"https://nycdob.github.io/CycloMedia/simple#999432.492588893,180245.315084144",321595216,1,BROOKLYN,537,BROOKLYN AVE,4793,2,NB,P,PLAN EXAM - APPROVED,6/18/2021,ZARINA,KINDO,RA,35362,N,10/9/2019,7,999432.4926,180245.3151,40.661395410607078,-73.945276753420956
136,1091666,"https://nycdob.github.io/CycloMedia/simple#990445,211004",121205640,1,MANHATTAN,509,3RD AVENUE,915,2,NB,P,PLAN EXAM - APPROVED,4/8/2021,ISMAEL,LEYVA,RA,21712,N,6/27/2019,35,990445,211004,40.745832,-73.977643
226,3827686,"https://nycdob.github.io/CycloMedia/simple#989972.600419477,189112.312770054",321595449,1,BROOKLYN,489,STATE STREET,174,13,NB,P,PLAN EXAM - APPROVED,7/23/2021,MANISH,CHADHA,RA,33196,N,10/21/2019,9,989972.6004,189112.3128,40.68574449,-73.97936613
75,3332256,"https://nycdob.github.io/CycloMedia/simple#1001513.33816472,187084.6370354",321938347,1,BROOKLYN,488,MARCUS GARVEY BOULEVARD,1859,29,NB,P,PLAN EXAM - APPROVED,12/13/2019,RICHARD,BIENENFELD,RA,12458,N,3/28/2019,6,1001513.338,187084.637,40.680164001777307,-73.937759112912445
58,3426544,"https://nycdob.github.io/CycloMedia/simple#1018484.47745071,182313.11737898",321927616,1,BROOKLYN,476,ATKINS AVENUE,4454,36,NB,P,PLAN EXAM - APPROVED,10/8/2019,GERALD,CALIENDO,RA,20241,N,2/15/2019,3,1018484.477,182313.1174,40.6670179,-73.87659601
70,3426666,"https://nycdob.github.io/CycloMedia/simple#996478,193900",321386861,1,BROOKLYN,466,FLUSHING AV,1716,24,NB,P,PLAN EXAM - APPROVED,4/28/2020,FARIBA,MAKOOI,RA,34686,N,3/7/2019,9,996478,193900,40.698879,-73.955901
152,3428845,"https://nycdob.github.io/CycloMedia/simple#1013914,185264",321993438,1,BROOKLYN,453,LIBERTY AVENUE,3690,25,NB,P,PLAN EXAM - APPROVED,12/10/2020,FRANK,QUATELA,RA,32981,N,9/20/2019,4,1013914,185264,40.675134,-73.893058
193,3426790,"https://nycdob.github.io/CycloMedia/simple#1019220.9999278,177749.999864817",321597447,1,BROOKLYN,441,VANDALIA AVENUE,4452,114,NB,P,PLAN EXAM - APPROVED,9/9/2020,MICHAEL,GELFAND,RA,20358,N,9/3/2019,4,1019221,177749.9999,40.65449028,-73.87396476
22,4623167,"https://nycdob.github.io/CycloMedia/simple#1025700,150092",420666657,1,QUEENS,441,BEACH 130 STREET,16253,19,NB,P,PLAN EXAM - APPROVED,6/18/2021,JEFFREY,GEARY,RA,30200,N,12/3/2019,3,1025700,150092,40.578547,-73.850784
192,3426789,"https://nycdob.github.io/CycloMedia/simple#1018787.933536723256111,177841.281178310513496",321597438,1,BROOKLYN,437,VANDALIA AVENUE,4452,113,NB,P,PLAN EXAM - APPROVED,10/5/2020,MICHAEL,GELFAND,RA,20358,N,9/3/2019,4,1018787.933536723256111,177841.281178310513496,40.65475082,-73.87552643
142,3428526,"https://nycdob.github.io/CycloMedia/simple#1019746.41521555,185755.621648803",321594226,1,BROOKLYN,437,EUCLID AVENUE,4214,12,NB,P,PLAN EXAM - APPROVED,5/8/2020,ANTHONY,SHITEMI,RA,22365,N,6/28/2019,8,1019746.415,185755.6216,40.67646182,-73.87202902
191,3426788,"https://nycdob.github.io/CycloMedia/simple#1018779.470955222845078,177837.101068556308746",321597429,1,BROOKLYN,435,VANDALIA AVENUE,4452,112,NB,P,PLAN EXAM - APPROVED,11/5/2020,MICHAEL,GELFAND,RA,20358,N,9/3/2019,4,1018779.470955222845078,177837.101068556308746,40.65473938,-73.87555695
190,3426787,"https://nycdob.github.io/CycloMedia/simple#1018766.781019970774651,177830.135531306266785",321597410,1,BROOKLYN,433,VANDALIA AVENUE,4452,111,NB,P,PLAN EXAM - APPROVED,10/5/2020,MICHAEL,GELFAND,RA,20358,N,9/3/2019,4,1018766.781019970774651,177830.135531306266785,40.65472031,-73.87560272
221,2001440,"https://nycdob.github.io/CycloMedia/simple#1008117.22653171,238691.343533054",210180310,1,BRONX,430,E 158 STREET,2379,19,NB,P,PLAN EXAM - APPROVED,9/3/2020,SURESH,MANCHANDA,RA,18075,N,10/11/2019,4,1008117.227,238691.3435,40.821795922660314,-73.913766436603453
189,3426786,"https://nycdob.github.io/CycloMedia/simple#1018743.503179386258125,177823.150965228676796",321597401,1,BROOKLYN,429,VANDALIA AVENUE,4452,110,NB,P,PLAN EXAM - APPROVED,9/10/2020,MICHAEL,GELFAND,RA,20358,N,9/3/2019,4,1018743.503179386258125,177823.150965228676796,40.65470123,-73.87568665
188,3425952,"https://nycdob.github.io/CycloMedia/simple#1018593.394227638840675,177688.129909813404083",321597394,1,BROOKLYN,422,VANDALIA AVENUE,4452,252,NB,P,PLAN EXAM - APPROVED,9/10/2020,MICHAEL,GELFAND,RA,20358,N,9/3/2019,4,1018593.394227638840675,177688.129909813404083,40.65433121,-73.87622833
187,3425951,"https://nycdob.github.io/CycloMedia/simple#1019247.90965089,177761.284619138",321597385,1,BROOKLYN,418,VANDALIA AVENUE,4452,251,NB,P,PLAN EXAM - APPROVED,10/1/2020,MICHAEL,GELFAND,RA,20358,N,9/3/2019,4,1019247.91,177761.2846,40.65452115,-73.87386772
186,3425950,"https://nycdob.github.io/CycloMedia/simple#1018521.449817717075348,177665.789731398224831",321597376,1,BROOKLYN,416,VANDALIA AVENUE,4452,250,NB,P,PLAN EXAM - APPROVED,10/7/2020,MICHAEL,GELFAND,RA,20358,N,9/3/2019,4,1018521.449817717075348,177665.789731398224831,40.65427017,-73.87648773
185,3425949,"https://nycdob.github.io/CycloMedia/simple#1018485.483354225754738,177650.451835557818413",321597367,1,BROOKLYN,414,VANDALIA AVENUE,4452,249,NB,P,PLAN EXAM - APPROVED,9/9/2020,MICHAEL,GELFAND,RA,20358,N,9/3/2019,4,1018485.483354225754738,177650.451835557818413,40.65422821,-73.87661743
184,3426203,"https://nycdob.github.io/CycloMedia/simple#1018396.529463887214661,177679.513129144906998",321597358,1,BROOKLYN,412,VANDALIA AVENUE,4452,207,NB,P,PLAN EXAM - APPROVED,9/9/2020,MICHAEL,GELFAND,RA,20358,N,9/3/2019,4,1018396.529463887214661,177679.513129144906998,40.65430832,-73.87693787
183,3426202,"https://nycdob.github.io/CycloMedia/simple#1018360.541674971580505,177679.462604314088821",321597349,1,BROOKLYN,410,VANDALIA AVENUE,4452,206,NB,P,PLAN EXAM - APPROVED,10/5/2020,MICHAEL,GELFAND,RA,20358,N,9/3/2019,4,1018360.541674971580505,177679.462604314088821,40.65430832,-73.87706757
182,3426064,"https://nycdob.github.io/CycloMedia/simple#1018326.664774224162102,177683.583002895116806",321597330,1,BROOKLYN,408,VANDALIA AVENUE,4452,205,NB,P,PLAN EXAM - APPROVED,9/9/2020,MICHAEL,GELFAND,RA,20358,N,9/3/2019,4,1018326.664774224162102,177683.583002895116806,40.65431976,-73.87718964
181,3426204,"https://nycdob.github.io/CycloMedia/simple#1018292.794107049703598,177683.535430803894997",321597321,1,BROOKLYN,406,VANDALIA AVENUE,4452,204,NB,P,PLAN EXAM - APPROVED,9/10/2020,MICHAEL,GELFAND,RA,20358,N,9/3/2019,4,1018292.794107049703598,177683.535430803894997,40.65431976,-73.87731171
92,1091589,"https://nycdob.github.io/CycloMedia/simple#985423,212341",121205294,1,MANHATTAN,393,8 AVENUE,753,40,NB,P,PLAN EXAM - APPROVED,4/28/2020,ROBERT,SCARPA,RA,19714,N,5/16/2019,10,985423,212341,40.749504,-73.995766
13,2807332,"https://nycdob.github.io/CycloMedia/simple#1015771,254978",220718025,1,BRONX,389,E 198 STREET,3279,2,NB,P,PLAN EXAM - APPROVED,7/30/2021,FERNANDO,GEREMIA,RA,16393,N,12/18/2019,4,1015771,254978,40.866474,-73.886036
49,3394657,"https://nycdob.github.io/CycloMedia/simple#1002156.86509289,192843.294809386",321386095,1,BROOKLYN,388,VERNON AVENUE,1589,35,NB,P,PLAN EXAM - APPROVED,2/23/2021,RAMY,ISSAC,RA,18258,N,1/30/2019,5,1002156.865,192843.2948,40.695968912801796,-73.935423649110234
47,4081818,"https://nycdob.github.io/CycloMedia/simple#1007910.35358588,196776.710170895",421930584,1,QUEENS,388,SENECA AVE.,3428,27,NB,P,PLAN EXAM - APPROVED,6/20/2019,GERALD,CALIENDO,RA,20241,N,1/23/2019,4,1007910.354,196776.7102,40.706751699767004,-73.914661414095292
257,2120778,"https://nycdob.github.io/CycloMedia/simple#1015784.62556697,255023.183244646",220718016,1,BRONX,385,E 198 STREET,3279,3,NB,P,PLAN EXAM - APPROVED,7/30/2021,FERNANDO,GEREMIA,RA,16393,N,12/18/2019,4,1015784.626,255023.1832,40.866597951526231,-73.885986939932295
85,3426642,"https://nycdob.github.io/CycloMedia/simple#980340.691205636,174512.99223122",321387851,1,BROOKLYN,371,52ND STREET,798,43,NB,P,PLAN EXAM - APPROVED,2/24/2020,CHANG HWA,TAN,RA,25376,N,4/22/2019,7,980340.6912,174512.9922,40.64567359,-74.01408726
231,3428596,"https://nycdob.github.io/CycloMedia/simple#999015,200474",321595788,1,BROOKLYN,369,MANHATTAN AVENUE,2743,24,NB,P,PLAN EXAM - APPROVED,12/31/2020,STAS,ZAKRZEWSKI,RA,27703,N,11/8/2019,4,999015,200474,40.71692,-73.946737
94,1013700,"https://nycdob.github.io/CycloMedia/simple#986056.251952976,214878.659203142",121205285,1,MANHATTAN,355,WEST 39TH STREET,763,7501,NB,P,PLAN EXAM - APPROVED,1/2/2020,THOMAS,GILMAN,RA,28790,N,5/15/2019,11,986056.252,214878.6592,40.756468558528624,-73.993480316710617
150,2801795,"https://nycdob.github.io/CycloMedia/simple#1007053,234285",210179894,1,BRONX,340,BROOK AVENUE,2268,4,NB,P,PLAN EXAM - APPROVED,7/16/2020,WU (WOODY),CHEN,PE,84996,N,7/22/2019,4,1007053,234285,40.809705,-73.917627
104,3051210,"https://nycdob.github.io/CycloMedia/simple#999695.638388053,189385.523837805",321965575,1,BROOKLYN,335,TOMPKINS AVE,1815,4,NB,P,PLAN EXAM - APPROVED,9/19/2019,ALBERTO,ROMAN,PE,95364,N,6/11/2019,4,999695.6384,189385.5238,40.686482768709901,-73.944307334553315
107,3079126,"https://nycdob.github.io/CycloMedia/simple#1010242,191873",321593566,1,BROOKLYN,332,ELDERT STREET,3419,24,NB,P,PLAN EXAM - APPROVED,3/18/2020,SUZANNA,THARIAN,RA,29684,N,6/13/2019,4,1010242,191873,40.693286,-73.906271
37,1049249,"https://nycdob.github.io/CycloMedia/simple#997064.948767558,220925.725521058",123253273,1,MANHATTAN,323,EAST 79TH STREET,1542,13,NB,P,PLAN EXAM - APPROVED,5/1/2020,DAVID,BROWN,RA,35812,N,1/4/2019,15,997064.9488,220925.7255,40.773057089445992,-73.953732798406776
82,3170420,"https://nycdob.github.io/CycloMedia/simple#991512.467090383,167719.547812894",321956371,1,BROOKLYN,312,ELMWOOD AVE,6506,5,NB,P,PLAN EXAM - APPROVED,11/12/2020,ASHER,HERSHKOWITZ,RA,14962,N,4/16/2019,3,991512.4671,167719.5478,40.627024916948223,-73.973836898787937
162,1089908,"https://nycdob.github.io/CycloMedia/simple#1000773,240234",121205935,1,MANHATTAN,304,WEST 150TH STREET,2045,98,NB,P,PLAN EXAM - APPROVED,9/9/2020,ARIEL,AUFGANG,RA,32789,N,8/13/2019,12,1000773,240234,40.826047,-73.940298
246,1010310,"https://nycdob.github.io/CycloMedia/simple#982082.69756414,203669.353537813",121206676,1,MANHATTAN,289,HUDSON ST,594,79,NB,P,PLAN EXAM - APPROVED,12/22/2020,ADRIAN,FIGUEROA,RA,24690,N,12/3/2019,6,982082.6976,203669.3535,40.725701723210534,-74.007819286738894
249,2130445,"https://nycdob.github.io/CycloMedia/simple#1008586.28464872,243595.659839898",220721413,1,BRONX,285,EAST 169 STREET,2785,76,NB,P,PLAN EXAM - APPROVED,7/30/2021,DIEGO,AGUILERA,RA,32873,N,12/5/2019,4,1008586.285,243595.6598,40.83525558,-73.91205392
53,3325943,"https://nycdob.github.io/CycloMedia/simple#987230,189969",321386102,1,BROOKLYN,279,PACIFIC STREET,182,57,NB,P,PLAN EXAM - APPROVED,9/23/2019,DOMINICK,CASALE,RA,40221,N,2/6/2019,6,987230,189969,40.688098,-73.989255
65,3047882,"https://nycdob.github.io/CycloMedia/simple#1004799.3102673,187476.019454733",321386433,1,BROOKLYN,278,BAINBRIDGE STREET,1687,47,NB,P,PLAN EXAM - APPROVED,4/14/2020,GERALD,CALIENDO,RA,20241,N,2/27/2019,3,1004799.31,187476.0195,40.681231238880400,-73.925910747871001
46,3426465,"https://nycdob.github.io/CycloMedia/simple#998900.99988547,173900.000018895",321385924,1,BROOKLYN,276,EAST 32 ST,4931,127,NB,P,PLAN EXAM - APPROVED,10/11/2019,PIROOZ,SOLTANIZADEH,PE,80350,N,1/22/2019,3,998900.9999,173900,40.6439798,-73.94720623
45,3426464,"https://nycdob.github.io/CycloMedia/simple#998900.99988547,173888.715264559",321385915,1,BROOKLYN,274,EAST 32 ST,4931,27,NB,P,PLAN EXAM - APPROVED,10/9/2019,PIROOZ,SOLTANIZADEH,PE,80350,N,1/22/2019,3,998900.9999,173888.7153,40.64394883,-73.94720626
234,3326190,"https://nycdob.github.io/CycloMedia/simple#1004693.06441681,195802.473274231",321595680,1,BROOKLYN,272,JEFFERSON STREET,3175,13,NB,P,PLAN EXAM - APPROVED,4/30/2020,SUZANNA,THARIAN,RA,29684,N,11/6/2019,4,1004693.064,195802.4733,40.704085668052549,-73.926268541900697
15,3428817,"https://nycdob.github.io/CycloMedia/simple#1015061,185762",321594137,1,BROOKLYN,268,BARBEY STREET,3964,8,NB,P,PLAN EXAM - APPROVED,5/19/2021,R. JOHN,WOELFLING,RA,25988,N,6/27/2019,14,1015061,185762,40.676497,-73.888921
63,1058854,"https://nycdob.github.io/CycloMedia/simple#999237.831232801,236558.784477979",121204865,1,MANHATTAN,264,WEST 135TH STREET,1940,56,NB,P,PLAN EXAM - APPROVED,10/24/2019,AHARON,MACHLIS,RA,40765,N,2/26/2019,7,999237.8312,236558.7845,40.815962178459600,-73.945852917946425
33,5168157,"https://nycdob.github.io/CycloMedia/simple#958119.14312914,170608.474449724",520200684,1,STATEN ISLAND,262,BRIGHTON AVENUE,123,77,NB,P,PLAN EXAM - APPROVED,8/9/2021,STANLEY,KREBUSHEVSKI,RA,21520,N,6/18/2019,4,958119.1431,170608.4744,40.63491884,-74.09414779
111,5168158,"https://nycdob.github.io/CycloMedia/simple#958151.962289214,170583.857701063",520200693,1,STATEN ISLAND,260,BRIGHTON AVENUE,123,79,NB,P,PLAN EXAM - APPROVED,3/6/2020,STANLEY,KREBUSHEVSKI,RA,21520,N,6/18/2019,3,958151.9623,170583.8577,40.63485137,-74.09402945
258,3831735,"https://nycdob.github.io/CycloMedia/simple#1013812,184421",321978865,1,BROOKLYN,250,WYONA STREET,3723,26,NB,P,PLAN EXAM - APPROVED,4/16/2021,PIROOZ,SOLTANIZADEH,PE,80350,N,12/20/2019,3,1013812,184421,40.672821,-73.893429
154,3428945,"https://nycdob.github.io/CycloMedia/simple#1004565,192897",321594501,1,BROOKLYN,249,EVERGREEN AVENUE,3243,5,NB,P,PLAN EXAM - APPROVED,11/20/2019,WU (WOODY),CHEN,PE,84996,N,7/23/2019,4,1004565,192897,40.696111,-73.926739
222,3061972,"https://nycdob.github.io/CycloMedia/simple#996685,200455",321595332,1,BROOKLYN,222,NORTH 8TH STREET,2321,15,NB,P,PLAN EXAM - APPROVED,3/27/2020,MURAT,MUTLU,RA,36742,N,10/16/2019,5,996685,200455,40.716871,-73.955142
240,3009549,"https://nycdob.github.io/CycloMedia/simple#985543.106981888,179911.854136899",322003470,1,BROOKLYN,218,23 STREET,649,28,NB,P,PLAN EXAM - APPROVED,6/8/2020,NISCHAL,ARJUNE,RA,34339,N,11/19/2019,4,985543.107,179911.8541,40.660493056164526,-73.995339233658342
168,3422174,"https://nycdob.github.io/CycloMedia/simple#978479.51513797,174134.855192229",321597090,1,BROOKLYN,216,57TH STREET,845,12,NB,P,PLAN EXAM - APPROVED,12/9/2020,CHANG HWA,TAN,RA,25376,N,8/27/2019,5,978479.5151,174134.8552,40.644634667497485,-74.020793708517800
21,3071239,"https://nycdob.github.io/CycloMedia/simple#1000686.55930647,197011.129977643",321594976,1,BROOKLYN,212,MONTROSE AVENUE,3063,8,NB,P,PLAN EXAM - APPROVED,7/28/2021,WU (WOODY),CHEN,PE,84996,N,8/15/2019,4,1000686.559,197011.13,40.707411494226172,-73.940715742394403
259,3116264,"https://nycdob.github.io/CycloMedia/simple#997423.060912222,177863.968140811",321596484,1,BROOKLYN,210,CLARKSON AVENUE,5066,11,NB,P,PLAN EXAM - APPROVED,8/25/2020,DAVID,WEST,RA,20801,N,12/20/2019,8,997423.0609,177863.9681,40.654862354862409,-73.952524129260368
23,2017287,"https://nycdob.github.io/CycloMedia/simple#1016467.06580314,257579.229641721",220711941,1,BRONX,208,E MOSHOLU PKWY S,3309,68,NB,P,PLAN EXAM - APPROVED,6/28/2021,SHANIN,BADALY,RA,19054,N,8/1/2019,8,1016467.066,257579.2296,40.873611047128165,-73.883507298561540
169,1089920,"https://nycdob.github.io/CycloMedia/simple#1000296,237662",121206042,1,MANHATTAN,207,WEST 140 STREET,2026,25,NB,P,PLAN EXAM - APPROVED,6/12/2020,ARIEL,AUFGANG,RA,32789,N,8/28/2019,6,1000296,237662,40.818989,-73.942027
88,3009933,"https://nycdob.github.io/CycloMedia/simple#984171.701916307,178675.33430022",321593049,1,BROOKLYN,186,30 STREET,673,14,NB,P,PLAN EXAM - APPROVED,11/30/2020,ANTHONY,LEE,RA,17269,N,5/8/2019,4,984171.7019,178675.3343,40.657099175165968,-74.000282196687877
100,3003561,"https://nycdob.github.io/CycloMedia/simple#983676.006385386,189141.371110886",321593361,1,BROOKLYN,183,COLUMBIA STREET,319,2,NB,P,PLAN EXAM - APPROVED,2/11/2021,CHANG HWA,TAN,RA,25376,N,5/29/2019,6,983676.0064,189141.3711,40.685826083632747,-74.002069640411079
174,4464477,"https://nycdob.github.io/CycloMedia/simple#1014741.48067164,146027.133520648",421796140,1,QUEENS,183,BAYSIDE AVENUE,16340,50,NB,P,PLAN EXAM - APPROVED,12/23/2019,GARY,LENHART,RA,21764,N,8/30/2019,3,1014741.481,146027.1335,40.567434170473270,-73.890252136509488
84,3049338,"https://nycdob.github.io/CycloMedia/simple#999206.115088895,191761.614229977",321387842,1,BROOKLYN,176,TOMPKINS AVENUE,1771,43,NB,P,PLAN EXAM - APPROVED,10/24/2019,WU (WOODY),CHEN,PE,84996,N,4/19/2019,6,999206.1151,191761.6142,40.693005429561666,-73.946067143680082
44,3187375,"https://nycdob.github.io/CycloMedia/simple#987711.891030133,153067.370096311",321356037,1,BROOKLYN,175,28TH AVENUE,6916,65,NB,P,PLAN EXAM - APPROVED,5/6/2020,FRAN,HUANG,PE,83189,N,1/22/2019,4,987711.891,153067.3701,40.586809987259500,-73.987536017582556
110,1091571,"https://nycdob.github.io/CycloMedia/simple#1001389,231447",121205490,1,MANHATTAN,172,EAST 122 STREET,1770,45,NB,P,PLAN EXAM - APPROVED,3/25/2021,RAYMOND,CHAN,RA,15817,N,6/17/2019,7,1001389,231447,40.801928,-73.938094
48,1005661,"https://nycdob.github.io/CycloMedia/simple#985981.985041142,201562.252437055",121204678,1,MANHATTAN,171,BOWERY,424,11,NB,P,PLAN EXAM - APPROVED,4/28/2020,DANIEL,BERNSTEIN,RA,16854,N,1/24/2019,5,985981.985,201562.2524,40.719918336405833,-73.993751812280038
210,5166379,"https://nycdob.github.io/CycloMedia/simple#965726.333295300602913,157042.188918307423592",520282435,1,STATEN ISLAND,148,MCCLEAN AVE,3114,23,NB,P,PLAN EXAM - APPROVED,8/12/2020,IGOR,ZASLAVSKIY,RA,30655,N,9/20/2019,3,965726.333295300602913,157042.188918307423592,40.59770966,-74.0667038
93,3057480,"https://nycdob.github.io/CycloMedia/simple#991356.67835997,188806.108001888",321593101,1,BROOKLYN,142,SOUTH PORTLAND AVENUE,2003,37,NB,P,PLAN EXAM - APPROVED,10/6/2020,JOHN,COOGAN,RA,15826,N,5/15/2019,13,991356.6784,188806.108,40.684903028659797,-73.974375907748950
38,1812187,"https://nycdob.github.io/CycloMedia/simple#1004685,252789",121189524,1,MANHATTAN,140,HILLSIDE AVENUE,2173,41,NB,P,PLAN EXAM - APPROVED,11/14/2019,CHARLES,MALLEA,RA,20506,N,1/8/2019,7,1004685,252789,40.860499,-73.926124
24,3395822,"https://nycdob.github.io/CycloMedia/simple#984916.935005888,180944.632255062",321999922,1,BROOKLYN,135,22ND STREET,642,63,NB,P,PLAN EXAM - APPROVED,6/30/2021,JAMES,NOTHNAGEL,RA,40021,N,10/17/2019,3,984916.935,180944.6323,40.663327873298336,-73.997596053248500
35,3117318,"https://nycdob.github.io/CycloMedia/simple#997763,175894",321386932,1,BROOKLYN,134,ERASMUS STREET,5108,21,NB,P,PLAN EXAM - APPROVED,4/3/2020,RAYMOND,CHAN,RA,15817,N,3/11/2019,5,997763,175894,40.649455,-73.951303
135,3049489,"https://nycdob.github.io/CycloMedia/simple#999072.294490382,191574.659879476",321941217,1,BROOKLYN,124,PULASKI STREET,1775,32,NB,P,PLAN EXAM - APPROVED,10/24/2019,ANTHONY,DESIMONE,RA,15835,N,6/27/2019,4,999072.2945,191574.6599,40.692492508313805,-73.946550121892017
1,3323272,"https://nycdob.github.io/CycloMedia/simple#984027.508963227,186268.82600297",321967813,1,BROOKLYN,117,LUQUER STREET,373,38,NB,P,PLAN EXAM - APPROVED,4/30/2021,FRANK,MARTARELLA III,RA,33343,Y,6/17/2019,4,984027.509,186268.826,40.677941616438694,-74.000802137844175
66,5171615,"https://nycdob.github.io/CycloMedia/simple#915665.192604139,126375.240081728",510113342,1,STATEN ISLAND,115,YETMAN AVE,8024,37,NB,P,PLAN EXAM - APPROVED,8/3/2020,JEFFREY,GEARY,RA,30200,N,3/7/2019,3,915665.1926,126375.2401,40.51328081,-74.24665733
67,1001042,"https://nycdob.github.io/CycloMedia/simple#980887.266556054,197801.281284481",121204909,1,MANHATTAN,112,LIBERTY STREET,52,7501,NB,P,PLAN EXAM - APPROVED,12/28/2020,NEILL,PARKER,RA,18369,N,3/6/2019,30,980887.2666,197801.2813,40.709594899856732,-74.012129282501121
96,1091578,"https://nycdob.github.io/CycloMedia/simple#1005243,255791",121205301,1,MANHATTAN,112,SEAMAN AVENUE,2248,112,NB,P,PLAN EXAM - APPROVED,7/14/2021,MATT,MARKOWITZ,RA,22409,N,5/17/2019,7,1005243,255791,40.868737,-73.924098
68,5171608,"https://nycdob.github.io/CycloMedia/simple#915639.842261136,126412.836791307",510113333,1,STATEN ISLAND,109,YETMAN AVE,8024,39,NB,P,PLAN EXAM - APPROVED,7/28/2020,JEFFREY,GEARY,RA,30200,N,3/7/2019,3,915639.8423,126412.8368,40.51338381,-74.24674888
211,5031665,"https://nycdob.github.io/CycloMedia/simple#939527.832542807,163511.889561564",520391362,1,STATEN ISLAND,102,LAMBERTS LANE,1609,7,NB,P,PLAN EXAM - APPROVED,11/12/2019,LAWRENCE,MANDARINO,RA,21544,Y,9/20/2019,3,939527.8325,163511.8896,40.615365883016281,-74.161083948077348
114,3187398,"https://nycdob.github.io/CycloMedia/simple#988071.400153637,153601.4126634",321967467,1,BROOKLYN,101,28TH AVENUE,6916,97,NB,P,PLAN EXAM - APPROVED,3/16/2020,YING,LI,RA,32042,N,6/20/2019,4,988071.4002,153601.4127,40.588275679934249,-73.986241360769256
28,3000603,"https://nycdob.github.io/CycloMedia/simple#990100,189082",321595145,1,BROOKLYN,100,FLATBUSH AVENUE,174,23,NB,P,PLAN EXAM - APPROVED,7/13/2021,JARED,DELLA VALLE,RA,28432,N,10/5/2019,44,990100,189082,40.685662,-73.978907
170,3426066,"https://nycdob.github.io/CycloMedia/simple#1018288.978169798851013,177384.722708225250244",321597116,1,BROOKLYN,95,GATEWAY DRIVE,4452,226,NB,P,PLAN EXAM - APPROVED,9/9/2020,MICHAEL,GELFAND,RA,20358,N,8/28/2019,4,1018288.978169798851013,177384.722708225250244,40.6534996,-73.87732697
171,3426065,"https://nycdob.github.io/CycloMedia/simple#1018276.237381637096405,177413.891285061836243",321597134,1,BROOKLYN,93,GATEWAY DRIVE,4452,227,NB,P,PLAN EXAM - APPROVED,9/30/2020,MICHAEL,GELFAND,RA,20358,N,8/28/2019,4,1018276.237381637096405,177413.891285061836243,40.65357971,-73.87737274
209,3121969,"https://nycdob.github.io/CycloMedia/simple#991303.223414391,179023.192856476",321597786,1,BROOKLYN,92,PROSPECT PARK SOUTHWEST,5259,17,NB,P,PLAN EXAM - APPROVED,6/17/2021,NICKOLAS,KAZALAS,RA,30561,N,9/16/2019,6,991303.2234,179023.1929,40.658051161784584,-73.974578883358504
172,3426067,"https://nycdob.github.io/CycloMedia/simple#1018267.722306802868843,177447.233738064765930",321597143,1,BROOKLYN,91,GATEWAY DRIVE,4452,228,NB,P,PLAN EXAM - APPROVED,10/5/2020,MICHAEL,GELFAND,RA,20358,N,8/28/2019,4,1018267.722306802868843,177447.233738064765930,40.65367126,-73.87740326
175,3426068,"https://nycdob.github.io/CycloMedia/simple#1018257.092078715562820,177479.184789642691612",321597269,1,BROOKLYN,89,GATEWAY DRIVE,4452,229,NB,P,PLAN EXAM - APPROVED,10/5/2020,MICHAEL,GELFAND,RA,20358,N,9/3/2019,4,1018257.092078715562820,177479.184789642691612,40.653759,-73.87744141
128,1091567,"https://nycdob.github.io/CycloMedia/simple#1001229.679939389228821,232999.671189397573471",121205524,1,MANHATTAN,88,EAST 127TH STREET,1751,33,NB,P,PLAN EXAM - APPROVED,7/17/2020,SHAY,ALSTER,RA,30476,N,6/21/2019,18,1001229.679939389228821,232999.671189397573471,40.80619812,-73.9386673
256,3115679,"https://nycdob.github.io/CycloMedia/simple#996095.027150974,178589.521151647",321596466,1,BROOKLYN,87,WINTHROP STREET,5045,68,NB,P,PLAN EXAM - APPROVED,5/19/2020,YOSEF,MELAMED,RA,33875,N,12/17/2019,6,996095.0272,178589.5212,40.656855714803825,-73.957309103802601
177,3426076,"https://nycdob.github.io/CycloMedia/simple#1018252.811247393488884,177512.536757066845894",321597287,1,BROOKLYN,87,GATEWAY DRIVE,4452,230,NB,P,PLAN EXAM - APPROVED,9/9/2020,MICHAEL,GELFAND,RA,20358,N,9/3/2019,4,1018252.811247393488884,177512.536757066845894,40.65385056,-73.87745667
25,3018646,"https://nycdob.github.io/CycloMedia/simple#989841.069514558,187577.481850222",322002818,1,BROOKLYN,85,4TH AVENUE,934,7,NB,P,PLAN EXAM - APPROVED,8/20/2021,JAMES,SHANNON,RA,40492,N,10/29/2019,12,989841.0695,187577.4819,40.681531817074081,-73.979841660137154
176,3426078,"https://nycdob.github.io/CycloMedia/simple#1018244.288954719901085,177552.826702728867531",321597278,1,BROOKLYN,85,GATEWAY DRIVE,4452,231,NB,P,PLAN EXAM - APPROVED,10/5/2020,MICHAEL,GELFAND,RA,20358,N,9/3/2019,4,1018244.288954719901085,177552.826702728867531,40.65396118,-73.87748718
173,3426079,"https://nycdob.github.io/CycloMedia/simple#1018244.228915467858315,177595.912246480584145",321597152,1,BROOKLYN,83,GATEWAY DRIVE,4452,232,NB,P,PLAN EXAM - APPROVED,10/5/2020,MICHAEL,GELFAND,RA,20358,N,8/28/2019,4,1018244.228915467858315,177595.912246480584145,40.65407944,-73.87748718
178,3426075,"https://nycdob.github.io/CycloMedia/simple#1018229.368380889296532,177625.077542483806610",321597296,1,BROOKLYN,81,GATEWAY DRIVE,4452,233,NB,P,PLAN EXAM - APPROVED,10/5/2020,MICHAEL,GELFAND,RA,20358,N,9/3/2019,4,1018229.368380889296532,177625.077542483806610,40.65415955,-73.87754059
161,3115681,"https://nycdob.github.io/CycloMedia/simple#996024.224471048,178581.752794474",322009198,1,BROOKLYN,79,WINTHROP AVE,5045,72,NB,P,PLAN EXAM - APPROVED,10/3/2019,YOSEF,MELAMED,RA,33875,N,8/12/2019,6,996024.2245,178581.7528,40.656834486797464,-73.957564298662490
200,3426074,"https://nycdob.github.io/CycloMedia/simple#1018229.321464970707893,177658.431806474924088",321597517,1,BROOKLYN,79,GATEWAY DRIVE,4452,234,NB,P,PLAN EXAM - APPROVED,10/5/2020,MICHAEL,GELFAND,RA,20358,N,9/3/2019,4,1018229.321464970707893,177658.431806474924088,40.6542511,-73.87754059
179,3426077,"https://nycdob.github.io/CycloMedia/simple#1018231.393967390060425,177690.400902643799782",321597303,1,BROOKLYN,77,GATEWAY DRIVE,4452,236,NB,P,PLAN EXAM - APPROVED,10/5/2020,MICHAEL,GELFAND,RA,20358,N,9/3/2019,4,1018231.393967390060425,177690.400902643799782,40.65433884,-73.87753296
73,3066334,"https://nycdob.github.io/CycloMedia/simple#999068.563854799,203557.333092555",321387094,1,BROOKLYN,74,DIAMOND STREET,2652,34,NB,P,PLAN EXAM - APPROVED,4/15/2020,ROBERT,LIN,PE,72792,N,3/19/2019,4,999068.5639,203557.3331,40.725382107817843,-73.946537202539588
180,3859665,"https://nycdob.github.io/CycloMedia/simple#1018227.103621631860733,177730.696753814816475",321597312,1,BROOKLYN,71,GATEWAY DRIVE,4452,237,NB,P,PLAN EXAM - APPROVED,9/10/2020,MICHAEL,GELFAND,RA,20358,N,9/3/2019,4,1018227.103621631860733,177730.696753814816475,40.65444946,-73.87754822
8,3059488,"https://nycdob.github.io/CycloMedia/simple#992559.86460188,189342.36447531",321990039,1,BROOKLYN,69,GREENE AVENUE,2121,45,NB,P,PLAN EXAM - APPROVED,6/4/2021,ERIC,SAFYAN,RA,30913,N,6/27/2019,4,992559.8646,189342.3645,40.686373882128329,-73.970036995579065
113,4618732,"https://nycdob.github.io/CycloMedia/simple#1028901,198451",421728802,1,QUEENS,68,ROCKROSE PLACE,3303,19,NB,P,PLAN EXAM - APPROVED,9/3/2019,GERALD,BUCK,RA,12222,Y,6/19/2019,3,1028901,198451,40.711267,-73.838941
126,3429097,"https://nycdob.github.io/CycloMedia/simple#1000642,199031",321593799,1,BROOKLYN,67,BUSHWICK AVENUE,2919,3,NB,P,PLAN EXAM - APPROVED,2/17/2021,WU (WOODY),CHEN,PE,84996,N,6/20/2019,6,1000642,199031,40.712956,-73.940872
204,3061870,"https://nycdob.github.io/CycloMedia/simple#995079.813958302,201713.330875054",321597624,1,BROOKLYN,64,N 8ST,2317,12,NB,P,PLAN EXAM - APPROVED,10/9/2020,LING,LI,RA,26687,N,9/10/2019,4,995079.814,201713.3309,40.720326551008839,-73.960930882414431
106,3325516,"https://nycdob.github.io/CycloMedia/simple#1004772,193074",321593557,1,BROOKLYN,63,STOCKHOLM STREET,3243,65,NB,P,PLAN EXAM - APPROVED,4/16/2020,SUZANNA,THARIAN,RA,29684,N,6/13/2019,4,1004772,193074,40.696597,-73.925992
99,1084612,"https://nycdob.github.io/CycloMedia/simple#985560,199103",121205365,1,MANHATTAN,59,HENRY STREET,280,15,NB,P,PLAN EXAM - APPROVED,2/7/2020,SITAL,PATEL,RA,28577,N,5/29/2019,19,985560,199103,40.713169,-73.995275
31,3428621,"https://nycdob.github.io/CycloMedia/simple#992310.835244297981262,192951.648267224431038",321595797,1,BROOKLYN,58,VANDERBILT AVENUE,2033,50,NB,P,PLAN EXAM - APPROVED,11/24/2020,JOSEPH,FRANKL,RA,42131,N,11/12/2019,9,992310.835244297981262,192951.648267224431038,40.69628906,-73.97093201
144,3060964,"https://nycdob.github.io/CycloMedia/simple#995802.428982884,194510.106436387",321962729,1,BROOKLYN,55,HEYWARD STREET,2224,44,NB,P,PLAN EXAM - APPROVED,11/6/2019,JEFFREY,ORLING,RA,15625,N,6/28/2019,5,995802.429,194510.1064,40.700554498140782,-73.958336371131423
137,5170578,"https://nycdob.github.io/CycloMedia/simple#959278.953145474,164183.326538891",520368414,1,STATEN ISLAND,54,CEDARCLIFF ROAD,618,94,NB,P,PLAN EXAM - APPROVED,10/15/2020,STANLEY,KREBUSHEVSKI,RA,21520,N,6/27/2019,3,959278.9531,164183.3265,40.61728652,-74.08994531
134,3330787,"https://nycdob.github.io/CycloMedia/simple#995379,182267",321593986,1,BROOKLYN,54,CROWN STREET,1190,29,NB,P,PLAN EXAM - APPROVED,8/7/2020,DAVID,WEST,RA,20801,N,6/26/2019,17,995379,182267,40.666951,-73.959884
138,5170577,"https://nycdob.github.io/CycloMedia/simple#959291.655875966,164179.141835973",520368423,1,STATEN ISLAND,50,CEDARCLIFF ROAD,618,92,NB,P,PLAN EXAM - APPROVED,10/15/2020,STANLEY,KREBUSHEVSKI,RA,21520,N,6/27/2019,3,959291.6559,164179.1418,40.61727507,-74.08989953
215,3338036,"https://nycdob.github.io/CycloMedia/simple#999236.562862635,203181.825969562",321595010,1,BROOKLYN,46,DIAMOND STREET,2685,60,NB,P,PLAN EXAM - APPROVED,6/29/2020,CHI,LAU,RA,33977,N,9/26/2019,4,999236.5629,203181.826,40.724351149066095,-73.945931927740318
112,3428559,"https://nycdob.github.io/CycloMedia/simple#990478,189622",321594011,1,BROOKLYN,37,LAFAYETTE AVENUE,2108,17,NB,P,PLAN EXAM - APPROVED,9/30/2020,SCOTT,GLASS,RA,28445,N,6/26/2019,7,990478,189622,40.687143,-73.977543
102,3054032,"https://nycdob.github.io/CycloMedia/simple#1000594.00470155,186538.102039233",321946481,1,BROOKLYN,35,KINGSTON AVENUE,1871,6,NB,P,PLAN EXAM - APPROVED,8/29/2019,JOSE,LOCKHART,PE,87807,N,5/31/2019,7,1000594.005,186538.102,40.678665632594253,-73.941074983485080
56,3047923,"https://nycdob.github.io/CycloMedia/simple#1004844.6841923,186851.251675397",321925707,1,BROOKLYN,31,SUMPTER ST,1695,34,NB,P,PLAN EXAM - APPROVED,8/15/2019,DE-JAN,LU,RA,34322,N,2/11/2019,7,1004844.684,186851.2517,40.679516288263841,-73.925749064463275
254,2088424,"https://nycdob.github.io/CycloMedia/simple#1010646,252471",220718043,1,BRONX,29,EVELYN PLACE,3198,45,NB,P,PLAN EXAM - APPROVED,5/13/2021,FERNANDO,GEREMIA,RA,16393,N,12/17/2019,4,1010646,252471,40.85961,-73.904576
227,3071059,"https://nycdob.github.io/CycloMedia/simple#998339.114526302,196863.117150307",321595458,1,BROOKLYN,27,MONTROSE AVENUE,3049,42,NB,P,PLAN EXAM - APPROVED,10/8/2020,DE-JAN,LU,RA,34322,N,10/22/2019,6,998339.1145,196863.1172,40.707009283290866,-73.949182938911179
140,3428765,"https://nycdob.github.io/CycloMedia/simple#998510,196182",321594155,1,BROOKLYN,24,BOERUM STREET,3076,18,NB,P,PLAN EXAM - APPROVED,11/12/2020,ERAN,CHEN,RA,36207,N,6/27/2019,28,998510,196182,40.70514,-73.948568
147,5860619,"https://nycdob.github.io/CycloMedia/simple#956669.000032052,164894.999984309",520383549,1,STATEN ISLAND,19,GLENWOOD AVENUE,603,65,NB,P,PLAN EXAM - APPROVED,8/18/2021,ANTHONY,SCAGLIONE,RA,18990,N,6/28/2019,3,956669,164895,40.61923217,-74.09934921
241,5174565,"https://nycdob.github.io/CycloMedia/simple#965898.509460136,162417.070885062",520367941,1,STATEN ISLAND,16,WHITE STREET,2858,124,NB,P,PLAN EXAM - APPROVED,6/5/2020,JOSEPH,LOCCISANO,RA,27142,Y,11/21/2019,3,965898.5095,162417.0709,40.61245469,-74.06609698
5,1016077,"https://nycdob.github.io/CycloMedia/simple#986472.746526808,207660.273049399",121206408,1,MANHATTAN,16,EAST 16TH STREET,843,39,NB,P,PLAN EXAM - APPROVED,10/30/2020,TODD,POISSON,RA,25568,N,10/10/2019,9,986472.7465,207660.273,40.736655805444606,-73.991979361315842
146,5171376,"https://nycdob.github.io/CycloMedia/simple#956685.493109301,164919.305381894",520383558,1,STATEN ISLAND,15,GLENWOOD AVENUE,603,63,NB,P,PLAN EXAM - APPROVED,8/18/2021,ANTHONY,SCAGLIONE,RA,18990,N,6/28/2019,3,956685.4931,164919.3054,40.61929893,-74.0992899
29,3428524,"https://nycdob.github.io/CycloMedia/simple#1001957,194912",321385862,1,BROOKLYN,15,MONTIETH STREET,3139,30,NB,P,PLAN EXAM - APPROVED,10/18/2019,FERNANDO,VILLA,RA,30814,N,1/17/2019,8,1001957,194912,40.701648,-73.936139
